,id,pred,real
0,5751,5.0,5.0
1,1898,5.0,4.0
2,2094,5.0,5.0
3,4187,4.0,5.0
4,4943,4.0,5.0
5,5942,5.0,5.0
6,878,5.0,5.0
7,2907,5.0,4.0
8,122,4.0,4.0
9,5078,1.0,3.0
10,9091,5.0,5.0
11,4108,4.0,3.0
12,4439,5.0,4.0
13,9445,5.0,5.0
14,197,5.0,5.0
15,8708,4.0,5.0
16,9790,4.0,4.0
17,7983,3.0,5.0
18,7381,5.0,4.0
19,6731,5.0,5.0
20,4244,5.0,5.0
21,9294,5.0,5.0
22,1220,4.0,4.0
23,2372,5.0,5.0
24,4385,5.0,4.0
25,612,4.0,4.0
26,1903,5.0,5.0
27,5530,3.0,5.0
28,8795,5.0,5.0
29,442,3.0,4.0
30,7424,4.0,4.0
31,7404,5.0,5.0
32,9308,4.0,4.0
33,7009,5.0,5.0
34,873,5.0,5.0
35,235,5.0,4.0
36,5514,5.0,5.0
37,5030,4.0,5.0
38,6931,5.0,5.0
39,6127,4.0,4.0
40,4062,4.0,4.0
41,2740,4.0,5.0
42,8011,5.0,4.0
43,9917,5.0,5.0
44,9330,5.0,1.0
45,4548,4.0,5.0
46,6910,5.0,5.0
47,7137,2.0,3.0
48,4945,3.0,2.0
49,6384,2.0,2.0
50,8972,5.0,5.0
51,6567,3.0,4.0
52,4610,5.0,4.0
53,7818,5.0,4.0
54,9846,5.0,5.0
55,4866,5.0,4.0
56,8335,5.0,5.0
57,6526,4.0,3.0
58,4947,5.0,5.0
59,5595,3.0,3.0
60,9066,5.0,5.0
61,9495,4.0,4.0
62,8226,5.0,5.0
63,4339,5.0,5.0
64,306,5.0,5.0
65,906,5.0,4.0
66,8078,5.0,5.0
67,7807,5.0,4.0
68,6551,3.0,1.0
69,8886,4.0,5.0
70,8278,4.0,3.0
71,2383,5.0,5.0
72,6627,4.0,3.0
73,1135,5.0,5.0
74,2566,4.0,5.0
75,4324,5.0,3.0
76,2957,5.0,5.0
77,3057,5.0,5.0
78,8367,4.0,5.0
79,5055,2.0,4.0
80,3262,5.0,5.0
81,8233,3.0,2.0
82,399,4.0,5.0
83,2348,5.0,2.0
84,8109,5.0,5.0
85,1731,5.0,5.0
86,6541,5.0,4.0
87,4569,5.0,5.0
88,8005,4.0,4.0
89,8705,4.0,5.0
90,6349,5.0,5.0
91,6873,4.0,3.0
92,9681,5.0,5.0
93,70,3.0,2.0
94,9555,3.0,3.0
95,5574,3.0,4.0
96,9048,4.0,2.0
97,7467,4.0,4.0
98,8634,5.0,5.0
99,9910,4.0,5.0
100,1462,5.0,5.0
101,2672,5.0,4.0
102,1363,3.0,4.0
103,2122,4.0,4.0
104,4991,5.0,5.0
105,4585,5.0,5.0
106,6100,3.0,3.0
107,4089,4.0,3.0
108,4615,5.0,5.0
109,9996,5.0,1.0
110,2366,5.0,5.0
111,6579,5.0,5.0
112,2341,5.0,5.0
113,626,3.0,1.0
114,1927,3.0,2.0
115,1266,3.0,2.0
116,5375,5.0,5.0
117,1975,5.0,5.0
118,4311,5.0,3.0
119,3413,5.0,5.0
120,4809,5.0,5.0
121,7788,5.0,5.0
122,4340,4.0,4.0
123,783,3.0,3.0
124,3190,4.0,4.0
125,6022,5.0,5.0
126,8862,1.0,1.0
127,7741,5.0,5.0
128,8970,5.0,5.0
129,7240,5.0,5.0
130,3143,4.0,4.0
131,8477,4.0,4.0
132,32,3.0,1.0
133,5239,5.0,5.0
134,8326,4.0,5.0
135,8415,3.0,3.0
136,8888,5.0,5.0
137,4600,5.0,5.0
138,6864,3.0,3.0
139,2520,5.0,5.0
140,2419,5.0,5.0
141,932,5.0,5.0
142,1716,2.0,1.0
143,491,5.0,5.0
144,6067,5.0,5.0
145,3255,4.0,4.0
146,861,4.0,4.0
147,2981,5.0,4.0
148,3875,5.0,5.0
149,4751,4.0,4.0
150,2527,5.0,5.0
151,4823,3.0,4.0
152,9361,3.0,3.0
153,2222,3.0,5.0
154,8875,5.0,3.0
155,109,5.0,5.0
156,1700,3.0,1.0
157,597,5.0,5.0
158,8068,5.0,4.0
159,7704,5.0,5.0
160,6997,5.0,5.0
161,617,4.0,4.0
162,479,5.0,4.0
163,4992,5.0,4.0
164,7131,3.0,3.0
165,4700,5.0,5.0
166,7330,2.0,1.0
167,9537,4.0,5.0
168,9172,5.0,5.0
169,4574,5.0,5.0
170,2130,5.0,5.0
171,1791,5.0,5.0
172,1455,5.0,5.0
173,9865,5.0,4.0
174,758,5.0,4.0
175,94,5.0,5.0
176,7475,4.0,4.0
177,1034,4.0,5.0
178,9125,5.0,5.0
179,4158,5.0,5.0
180,9983,4.0,4.0
181,9794,3.0,4.0
182,4987,5.0,5.0
183,3660,1.0,5.0
184,7969,3.0,3.0
185,4782,4.0,1.0
186,7118,5.0,5.0
187,8462,5.0,5.0
188,8688,5.0,4.0
189,4961,5.0,5.0
190,2956,3.0,5.0
191,748,4.0,5.0
192,6323,5.0,5.0
193,8869,3.0,3.0
194,7719,3.0,2.0
195,5734,5.0,4.0
196,8046,3.0,4.0
197,3017,5.0,5.0
198,2798,4.0,5.0
199,8767,5.0,4.0
200,2754,4.0,5.0
201,5425,4.0,5.0
202,1156,4.0,4.0
203,2513,4.0,5.0
204,7770,3.0,5.0
205,4621,5.0,5.0
206,2968,5.0,5.0
207,1432,5.0,5.0
208,3281,3.0,3.0
209,8868,5.0,4.0
210,187,4.0,3.0
211,5806,5.0,5.0
212,5308,5.0,5.0
213,9317,5.0,5.0
214,3644,5.0,2.0
215,5684,3.0,5.0
216,8602,5.0,5.0
217,8227,3.0,3.0
218,5679,4.0,3.0
219,4523,3.0,3.0
220,3621,5.0,5.0
221,3842,5.0,5.0
222,1350,3.0,4.0
223,1461,3.0,3.0
224,236,4.0,4.0
225,3130,5.0,5.0
226,7634,3.0,2.0
227,9101,2.0,2.0
228,4123,5.0,3.0
229,7504,5.0,5.0
230,1236,5.0,4.0
231,4305,5.0,5.0
232,4648,1.0,5.0
233,5834,5.0,5.0
234,7148,5.0,5.0
235,1179,4.0,4.0
236,6919,5.0,5.0
237,7645,5.0,5.0
238,1778,5.0,5.0
239,3348,1.0,4.0
240,4761,5.0,5.0
241,2143,5.0,5.0
242,5835,4.0,3.0
243,326,5.0,4.0
244,6552,4.0,4.0
245,6675,5.0,4.0
246,9134,3.0,5.0
247,2119,5.0,4.0
248,1874,5.0,5.0
249,284,5.0,5.0
250,8749,5.0,5.0
251,2075,5.0,5.0
252,6841,3.0,1.0
253,2822,5.0,4.0
254,4272,5.0,3.0
255,3757,4.0,4.0
256,7661,5.0,5.0
257,3066,4.0,4.0
258,1456,5.0,5.0
259,7543,5.0,4.0
260,9620,4.0,2.0
261,4784,5.0,5.0
262,8368,5.0,5.0
263,2415,1.0,5.0
264,1590,4.0,5.0
265,7482,4.0,5.0
266,2140,4.0,5.0
267,6533,3.0,4.0
268,6321,4.0,5.0
269,1599,5.0,4.0
270,1488,5.0,5.0
271,2244,5.0,4.0
272,5613,1.0,2.0
273,827,5.0,4.0
274,6583,3.0,4.0
275,6705,5.0,5.0
276,8842,4.0,5.0
277,8442,3.0,3.0
278,9166,1.0,5.0
279,9090,3.0,2.0
280,3953,4.0,4.0
281,142,5.0,5.0
282,7411,4.0,4.0
283,9822,5.0,5.0
284,3033,5.0,5.0
285,9598,4.0,4.0
286,8807,4.0,5.0
287,9431,5.0,5.0
288,8224,5.0,5.0
289,3843,4.0,4.0
290,632,5.0,5.0
291,5345,5.0,5.0
292,180,5.0,5.0
293,9413,5.0,5.0
294,5315,5.0,5.0
295,2903,5.0,4.0
296,2047,5.0,5.0
297,9400,5.0,4.0
298,2178,5.0,5.0
299,7937,5.0,4.0
300,3851,4.0,5.0
301,3771,5.0,5.0
302,158,5.0,5.0
303,2994,5.0,5.0
304,4543,5.0,5.0
305,7261,4.0,5.0
306,8469,4.0,3.0
307,1327,4.0,4.0
308,9956,4.0,3.0
309,9302,5.0,3.0
310,3537,3.0,2.0
311,8552,4.0,4.0
312,7835,4.0,4.0
313,6052,5.0,1.0
314,4401,5.0,5.0
315,5494,5.0,5.0
316,684,5.0,5.0
317,7176,5.0,5.0
318,343,5.0,5.0
319,7765,5.0,5.0
320,2747,3.0,4.0
321,6677,5.0,5.0
322,7388,5.0,5.0
323,6600,5.0,5.0
324,9930,4.0,4.0
325,887,5.0,3.0
326,762,5.0,4.0
327,9014,4.0,5.0
328,7633,4.0,5.0
329,4531,5.0,5.0
330,8052,5.0,5.0
331,8742,5.0,3.0
332,2823,5.0,5.0
333,2930,4.0,1.0
334,7350,4.0,5.0
335,9138,5.0,5.0
336,1877,5.0,5.0
337,5871,5.0,5.0
338,5655,4.0,4.0
339,5978,5.0,5.0
340,6946,5.0,5.0
341,6024,3.0,4.0
342,3657,5.0,5.0
343,9178,4.0,3.0
344,911,4.0,2.0
345,8741,5.0,5.0
346,1479,5.0,5.0
347,3253,4.0,3.0
348,6261,5.0,5.0
349,2030,4.0,4.0
350,2272,1.0,1.0
351,4588,4.0,4.0
352,6657,5.0,4.0
353,6561,5.0,5.0
354,8781,5.0,5.0
355,3285,4.0,3.0
356,5407,5.0,4.0
357,3,5.0,5.0
358,2951,5.0,5.0
359,2518,5.0,5.0
360,2831,5.0,5.0
361,1597,1.0,1.0
362,6906,5.0,5.0
363,9175,5.0,5.0
364,51,5.0,4.0
365,4470,4.0,5.0
366,4264,4.0,4.0
367,1155,4.0,5.0
368,9306,4.0,4.0
369,6953,5.0,5.0
370,8664,4.0,5.0
371,6475,5.0,4.0
372,7791,4.0,4.0
373,7781,1.0,1.0
374,4800,5.0,5.0
375,3295,4.0,4.0
376,1435,5.0,5.0
377,3547,5.0,4.0
378,731,5.0,5.0
379,6390,4.0,3.0
380,3516,5.0,5.0
381,2758,4.0,4.0
382,3894,3.0,1.0
383,9590,5.0,5.0
384,2867,5.0,4.0
385,9039,3.0,3.0
386,1352,5.0,5.0
387,4200,5.0,4.0
388,698,5.0,4.0
389,6038,4.0,4.0
390,3054,4.0,5.0
391,4179,3.0,3.0
392,3420,3.0,2.0
393,271,4.0,5.0
394,8833,4.0,5.0
395,704,5.0,5.0
396,1623,4.0,4.0
397,8168,5.0,5.0
398,2153,3.0,5.0
399,2243,5.0,5.0
400,4789,5.0,5.0
401,8303,3.0,1.0
402,5434,4.0,1.0
403,7011,4.0,4.0
404,5594,5.0,4.0
405,277,5.0,5.0
406,6432,3.0,4.0
407,4251,5.0,2.0
408,4350,4.0,3.0
409,8895,4.0,4.0
410,225,5.0,5.0
411,6343,5.0,5.0
412,7217,3.0,3.0
413,8917,5.0,5.0
414,1583,5.0,4.0
415,562,1.0,1.0
416,4774,5.0,5.0
417,4105,4.0,5.0
418,3472,5.0,5.0
419,8983,5.0,1.0
420,1867,5.0,5.0
421,8893,5.0,5.0
422,9690,1.0,5.0
423,2146,5.0,5.0
424,6571,5.0,3.0
425,205,5.0,5.0
426,6703,5.0,4.0
427,6461,5.0,5.0
428,4337,4.0,4.0
429,7530,5.0,5.0
430,9650,4.0,5.0
431,6179,5.0,4.0
432,3571,4.0,5.0
433,8000,4.0,5.0
434,5597,4.0,4.0
435,5577,5.0,5.0
436,9144,5.0,4.0
437,905,5.0,4.0
438,8844,5.0,5.0
439,6219,5.0,5.0
440,9164,5.0,4.0
441,4159,4.0,5.0
442,5818,5.0,5.0
443,4150,5.0,5.0
444,9384,5.0,5.0
445,254,5.0,5.0
446,3286,5.0,4.0
447,5493,5.0,4.0
448,8841,5.0,5.0
449,456,5.0,5.0
450,3767,5.0,5.0
451,2917,5.0,5.0
452,8666,4.0,5.0
453,599,4.0,5.0
454,9381,5.0,5.0
455,4583,4.0,4.0
456,361,5.0,3.0
457,7525,3.0,2.0
458,4984,5.0,5.0
459,8408,3.0,5.0
460,8939,5.0,5.0
461,6560,4.0,5.0
462,7651,5.0,4.0
463,7736,5.0,4.0
464,7373,5.0,5.0
465,7304,4.0,3.0
466,7435,5.0,5.0
467,6385,5.0,5.0
468,1290,5.0,5.0
469,6267,2.0,1.0
470,2297,5.0,5.0
471,7870,5.0,5.0
472,847,5.0,4.0
473,1148,5.0,5.0
474,1087,4.0,4.0
475,4293,5.0,5.0
476,9313,5.0,4.0
477,3634,3.0,1.0
478,1275,4.0,5.0
479,5900,4.0,5.0
480,9511,5.0,5.0
481,7797,5.0,5.0
482,3276,5.0,5.0
483,3487,4.0,5.0
484,5187,4.0,5.0
485,8500,5.0,5.0
486,3015,5.0,4.0
487,7728,5.0,5.0
488,7670,5.0,4.0
489,313,5.0,3.0
490,3903,5.0,4.0
491,7636,5.0,4.0
492,3011,4.0,4.0
493,2035,5.0,5.0
494,4808,3.0,5.0
495,2662,5.0,4.0
496,7740,4.0,2.0
497,5344,5.0,5.0
498,2216,4.0,5.0
499,2579,4.0,5.0
500,6295,5.0,3.0
501,9124,4.0,4.0
502,6868,4.0,4.0
503,8946,5.0,5.0
504,602,5.0,5.0
505,8175,4.0,4.0
506,4542,5.0,5.0
507,2028,5.0,2.0
508,7547,3.0,3.0
509,5228,5.0,5.0
510,9128,5.0,5.0
511,2540,5.0,5.0
512,7631,5.0,5.0
513,7333,5.0,5.0
514,8218,5.0,5.0
515,9939,5.0,5.0
516,8706,5.0,3.0
517,3341,5.0,4.0
518,1214,5.0,5.0
519,2949,5.0,5.0
520,2384,5.0,5.0
521,7092,5.0,5.0
522,3214,5.0,4.0
523,776,5.0,5.0
524,3944,5.0,5.0
525,8208,4.0,5.0
526,4417,2.0,3.0
527,8568,5.0,1.0
528,5463,5.0,5.0
529,4871,3.0,2.0
530,3863,1.0,4.0
531,7271,4.0,5.0
532,3822,5.0,4.0
533,55,5.0,4.0
534,7674,4.0,5.0
535,282,5.0,4.0
536,2268,5.0,5.0
537,54,4.0,3.0
538,663,5.0,5.0
539,7881,3.0,5.0
540,5547,4.0,5.0
541,3185,5.0,5.0
542,5461,5.0,5.0
543,9661,5.0,2.0
544,4759,4.0,4.0
545,1099,4.0,5.0
546,2074,1.0,1.0
547,1204,4.0,1.0
548,3780,5.0,5.0
549,1525,3.0,2.0
550,3548,5.0,5.0
551,3972,5.0,5.0
552,8206,5.0,5.0
553,5207,5.0,5.0
554,6597,3.0,2.0
555,3521,3.0,5.0
556,7664,5.0,5.0
557,6887,5.0,4.0
558,8625,4.0,5.0
559,6286,5.0,5.0
560,1210,5.0,5.0
561,865,5.0,5.0
562,6506,5.0,5.0
563,678,5.0,4.0
564,7476,5.0,5.0
565,7416,5.0,5.0
566,5984,4.0,4.0
567,8814,5.0,5.0
568,2665,4.0,4.0
569,1239,5.0,4.0
570,6825,5.0,4.0
571,2542,5.0,5.0
572,551,5.0,5.0
573,6156,5.0,4.0
574,4277,3.0,3.0
575,4304,5.0,5.0
576,2943,5.0,5.0
577,4341,4.0,5.0
578,1045,5.0,3.0
579,6697,3.0,2.0
580,3248,5.0,5.0
581,27,5.0,5.0
582,2521,4.0,3.0
583,1703,4.0,4.0
584,5540,5.0,5.0
585,2626,5.0,5.0
586,4199,5.0,4.0
587,2417,1.0,2.0
588,2575,4.0,4.0
589,503,5.0,5.0
590,2971,5.0,5.0
591,6630,4.0,5.0
592,1794,5.0,4.0
593,8922,4.0,5.0
594,7888,5.0,5.0
595,7875,4.0,4.0
596,933,4.0,5.0
597,3310,4.0,5.0
598,5840,5.0,5.0
599,6534,5.0,5.0
600,376,5.0,5.0
601,6648,4.0,5.0
602,5844,5.0,5.0
603,301,5.0,5.0
604,226,5.0,5.0
605,2596,5.0,5.0
606,8200,5.0,4.0
607,4725,4.0,5.0
608,9672,3.0,5.0
609,1704,5.0,4.0
610,4137,4.0,4.0
611,9999,4.0,5.0
612,5324,3.0,1.0
613,374,5.0,5.0
614,4564,5.0,5.0
615,6626,5.0,3.0
616,9644,4.0,2.0
617,5132,3.0,5.0
618,583,5.0,5.0
619,4005,4.0,5.0
620,1926,5.0,5.0
621,8191,5.0,4.0
622,3050,5.0,3.0
623,1405,5.0,5.0
624,5999,5.0,5.0
625,5068,5.0,5.0
626,5129,5.0,5.0
627,4364,5.0,4.0
628,9821,5.0,5.0
629,5001,5.0,4.0
630,188,5.0,4.0
631,3693,3.0,3.0
632,4460,5.0,5.0
633,3213,4.0,5.0
634,4388,4.0,4.0
635,3785,5.0,5.0
636,5884,5.0,5.0
637,2522,5.0,5.0
638,1919,5.0,4.0
639,7138,5.0,5.0
640,2350,1.0,5.0
641,4522,3.0,1.0
642,7032,5.0,5.0
643,5362,5.0,5.0
644,2396,5.0,4.0
645,7569,5.0,5.0
646,4651,5.0,5.0
647,7779,4.0,4.0
648,4258,4.0,3.0
649,9751,5.0,5.0
650,5092,3.0,3.0
651,6672,5.0,5.0
652,7496,5.0,5.0
653,2790,3.0,4.0
654,4776,5.0,5.0
655,9634,4.0,3.0
656,2884,5.0,5.0
657,8966,5.0,5.0
658,4300,5.0,5.0
659,4499,5.0,5.0
660,3140,5.0,5.0
661,4283,5.0,5.0
662,9845,5.0,5.0
663,1033,4.0,5.0
664,7290,5.0,4.0
665,1418,4.0,4.0
666,7521,3.0,4.0
667,8717,5.0,4.0
668,8111,3.0,4.0
669,4667,5.0,3.0
670,4462,5.0,5.0
671,5791,1.0,1.0
672,4180,3.0,4.0
673,5448,4.0,4.0
674,7268,5.0,4.0
675,9561,5.0,5.0
676,1467,5.0,5.0
677,5462,5.0,5.0
678,2032,4.0,4.0
679,2246,5.0,3.0
680,12,5.0,4.0
681,1146,4.0,5.0
682,3606,4.0,4.0
683,2581,5.0,5.0
684,6758,5.0,5.0
685,7953,5.0,5.0
686,1412,4.0,3.0
687,603,1.0,5.0
688,4134,5.0,5.0
689,4595,5.0,3.0
690,3250,2.0,5.0
691,8506,5.0,4.0
692,5662,5.0,5.0
693,959,3.0,2.0
694,5988,5.0,5.0
695,6238,5.0,5.0
696,8519,4.0,4.0
697,1740,5.0,4.0
698,5993,5.0,5.0
699,5033,5.0,4.0
700,4356,5.0,5.0
701,82,5.0,4.0
702,1119,5.0,5.0
703,3836,5.0,5.0
704,2621,1.0,1.0
705,2689,4.0,3.0
706,307,5.0,4.0
707,9434,5.0,4.0
708,9349,5.0,5.0
709,7697,5.0,5.0
710,4369,5.0,4.0
711,5865,5.0,3.0
712,2788,1.0,1.0
713,7299,5.0,5.0
714,9034,4.0,4.0
715,7037,5.0,5.0
716,7834,5.0,5.0
717,1049,5.0,3.0
718,1310,5.0,5.0
719,2151,4.0,4.0
720,9414,5.0,5.0
721,2375,3.0,3.0
722,2059,5.0,5.0
723,9328,3.0,1.0
724,917,3.0,4.0
725,6979,5.0,4.0
726,3788,5.0,5.0
727,5582,4.0,5.0
728,8156,5.0,5.0
729,2772,5.0,5.0
730,1319,4.0,5.0
731,2538,4.0,5.0
732,6755,5.0,5.0
733,1235,5.0,4.0
734,8376,5.0,5.0
735,3036,5.0,5.0
736,9703,5.0,4.0
737,4857,5.0,5.0
738,1762,5.0,5.0
739,7113,5.0,4.0
740,7145,5.0,5.0
741,8919,5.0,3.0
742,8115,4.0,5.0
743,153,5.0,4.0
744,4471,4.0,4.0
745,8608,5.0,5.0
746,8404,5.0,5.0
747,7182,5.0,5.0
748,2915,5.0,5.0
749,1010,2.0,4.0
750,6700,4.0,5.0
751,3639,4.0,5.0
752,5697,5.0,4.0
753,1401,5.0,5.0
754,3613,5.0,5.0
755,5061,5.0,5.0
756,7463,5.0,5.0
757,5607,5.0,5.0
758,5302,4.0,3.0
759,412,3.0,3.0
760,5913,5.0,5.0
761,9879,5.0,5.0
762,1366,4.0,3.0
763,5862,5.0,5.0
764,5424,5.0,5.0
765,8778,5.0,5.0
766,9058,5.0,5.0
767,2292,5.0,5.0
768,7929,5.0,5.0
769,7191,1.0,2.0
770,1420,4.0,5.0
771,6987,5.0,4.0
772,9633,5.0,5.0
773,9820,3.0,1.0
774,6076,4.0,4.0
775,2526,5.0,5.0
776,2830,5.0,5.0
777,1176,5.0,5.0
778,4331,4.0,4.0
779,2602,5.0,5.0
780,9026,4.0,4.0
781,3741,5.0,4.0
782,5557,4.0,5.0
783,1684,5.0,5.0
784,4479,2.0,5.0
785,1985,2.0,2.0
786,7829,4.0,5.0
787,7837,4.0,4.0
788,7827,3.0,4.0
789,3424,4.0,3.0
790,3727,3.0,4.0
791,198,5.0,4.0
792,1613,5.0,4.0
793,4188,5.0,5.0
794,4156,3.0,4.0
795,5265,5.0,5.0
796,9750,4.0,4.0
797,5745,4.0,1.0
798,931,5.0,5.0
799,5299,5.0,5.0
800,1957,4.0,3.0
801,309,5.0,5.0
802,3496,4.0,3.0
803,6835,5.0,4.0
804,4031,5.0,4.0
805,8057,4.0,1.0
806,3695,1.0,1.0
807,9543,5.0,5.0
808,2470,5.0,5.0
809,7310,5.0,5.0
810,1504,4.0,5.0
811,6026,5.0,5.0
812,607,5.0,5.0
813,1481,4.0,4.0
814,7464,5.0,4.0
815,5171,5.0,3.0
816,775,5.0,5.0
817,6171,2.0,2.0
818,8994,4.0,5.0
819,2489,5.0,4.0
820,1169,5.0,5.0
821,1653,3.0,4.0
822,4047,5.0,5.0
823,223,3.0,3.0
824,3881,5.0,4.0
825,8876,5.0,5.0
826,394,5.0,4.0
827,4463,3.0,5.0
828,8321,5.0,5.0
829,5133,5.0,4.0
830,8964,5.0,5.0
831,4885,4.0,5.0
832,5497,5.0,5.0
833,8312,4.0,5.0
834,2317,3.0,3.0
835,7008,5.0,5.0
836,9985,5.0,5.0
837,1875,1.0,2.0
838,2308,4.0,5.0
839,528,5.0,5.0
840,2446,5.0,5.0
841,323,5.0,5.0
842,991,5.0,5.0
843,5761,5.0,5.0
844,4792,5.0,4.0
845,7713,5.0,5.0
846,2015,3.0,4.0
847,6664,5.0,5.0
848,8443,4.0,4.0
849,2541,3.0,3.0
850,5412,3.0,4.0
851,5280,4.0,5.0
852,7990,4.0,3.0
853,3691,5.0,5.0
854,9338,4.0,4.0
855,8247,5.0,5.0
856,9297,5.0,4.0
857,8490,4.0,5.0
858,9363,5.0,5.0
859,5925,5.0,5.0
860,4997,5.0,5.0
861,7730,3.0,2.0
862,9671,5.0,5.0
863,3009,5.0,5.0
864,4929,5.0,2.0
865,929,5.0,5.0
866,8858,5.0,5.0
867,1612,3.0,5.0
868,6403,5.0,5.0
869,1096,3.0,2.0
870,4538,4.0,4.0
871,5537,5.0,5.0
872,6914,4.0,4.0
873,1707,5.0,5.0
874,1322,5.0,5.0
875,9760,4.0,4.0
876,9884,5.0,5.0
877,2720,5.0,5.0
878,3783,4.0,5.0
879,1876,5.0,5.0
880,3703,4.0,3.0
881,2230,4.0,4.0
882,8534,5.0,5.0
883,1860,3.0,3.0
884,3652,5.0,5.0
885,3975,3.0,4.0
886,7242,5.0,4.0
887,2478,1.0,1.0
888,1122,3.0,5.0
889,834,5.0,5.0
890,1051,2.0,4.0
891,1894,5.0,5.0
892,6194,4.0,4.0
893,5160,5.0,4.0
894,128,4.0,4.0
895,418,3.0,4.0
896,9542,4.0,4.0
897,8901,4.0,2.0
898,330,5.0,4.0
899,3479,5.0,5.0
900,8338,4.0,4.0
901,2989,5.0,5.0
902,1407,4.0,5.0
903,4938,4.0,5.0
904,5175,5.0,5.0
905,518,5.0,5.0
906,7895,1.0,5.0
907,1902,4.0,4.0
908,1471,5.0,5.0
909,248,5.0,5.0
910,7369,1.0,3.0
911,5254,4.0,1.0
912,7017,4.0,1.0
913,2006,5.0,5.0
914,1484,4.0,4.0
915,1855,5.0,5.0
916,5860,2.0,1.0
917,5438,1.0,1.0
918,7544,4.0,3.0
919,2861,5.0,5.0
920,4655,5.0,5.0
921,4810,5.0,4.0
922,50,5.0,2.0
923,6065,5.0,2.0
924,5144,5.0,4.0
925,1080,5.0,5.0
926,7907,5.0,4.0
927,1968,3.0,4.0
928,7342,5.0,5.0
929,4576,5.0,5.0
930,1646,3.0,2.0
931,7743,5.0,5.0
932,8352,5.0,5.0
933,298,5.0,5.0
934,6985,5.0,5.0
935,7162,5.0,4.0
936,679,4.0,4.0
937,293,3.0,1.0
938,4092,5.0,5.0
939,5507,4.0,5.0
940,3029,5.0,5.0
941,5227,5.0,5.0
942,2407,5.0,5.0
943,6191,5.0,5.0
944,9835,5.0,5.0
945,642,5.0,4.0
946,1774,2.0,1.0
947,7683,4.0,4.0
948,7111,5.0,5.0
949,5525,5.0,5.0
950,211,4.0,5.0
951,6760,5.0,5.0
952,3862,4.0,4.0
953,6952,5.0,5.0
954,8763,5.0,5.0
955,9035,5.0,5.0
956,8857,5.0,5.0
957,4021,5.0,4.0
958,2445,5.0,5.0
959,3008,4.0,5.0
960,213,4.0,3.0
961,6366,5.0,3.0
962,3910,5.0,1.0
963,4325,4.0,5.0
964,9648,4.0,4.0
965,9458,4.0,4.0
966,5720,4.0,4.0
967,6716,5.0,5.0
968,1557,5.0,5.0
969,2369,5.0,4.0
970,6784,4.0,4.0
971,5904,5.0,5.0
972,7174,5.0,5.0
973,8572,5.0,5.0
974,7754,4.0,3.0
975,4652,5.0,5.0
976,1917,5.0,4.0
977,5700,3.0,3.0
978,9069,5.0,5.0
979,8670,5.0,4.0
980,7429,4.0,5.0
981,2912,5.0,5.0
982,6698,5.0,4.0
983,1772,5.0,4.0
984,7049,5.0,5.0
985,5526,5.0,5.0
986,9187,5.0,4.0
987,5746,5.0,5.0
988,9679,1.0,5.0
989,9615,4.0,5.0
990,370,5.0,5.0
991,6787,5.0,5.0
992,1639,2.0,2.0
993,3025,4.0,4.0
994,3312,5.0,3.0
995,3937,5.0,3.0
996,3758,4.0,4.0
997,1225,4.0,4.0
998,710,1.0,1.0
999,422,4.0,4.0
1000,1641,5.0,5.0
1001,6138,4.0,5.0
1002,9552,5.0,5.0
1003,1754,5.0,5.0
1004,1170,5.0,5.0
1005,3121,5.0,5.0
1006,4328,4.0,2.0
1007,9850,5.0,5.0
1008,7110,4.0,4.0
1009,5584,4.0,5.0
1010,2751,5.0,3.0
1011,832,5.0,4.0
1012,5773,5.0,5.0
1013,8134,3.0,2.0
1014,6250,4.0,5.0
1015,7235,4.0,5.0
1016,9100,5.0,5.0
1017,2083,4.0,5.0
1018,1648,3.0,2.0
1019,4419,5.0,5.0
1020,5316,5.0,5.0
1021,6808,5.0,5.0
1022,1008,5.0,4.0
1023,6854,4.0,4.0
1024,4921,5.0,5.0
1025,3509,5.0,5.0
1026,2703,5.0,4.0
1027,9150,5.0,5.0
1028,907,4.0,5.0
1029,400,4.0,3.0
1030,4644,1.0,1.0
1031,2983,5.0,4.0
1032,4446,4.0,2.0
1033,8282,5.0,5.0
1034,1038,5.0,4.0
1035,592,3.0,3.0
1036,2212,5.0,4.0
1037,1793,5.0,5.0
1038,8837,3.0,4.0
1039,1601,5.0,4.0
1040,6945,5.0,5.0
1041,9918,1.0,1.0
1042,8264,5.0,4.0
1043,2296,3.0,4.0
1044,5491,2.0,5.0
1045,819,5.0,5.0
1046,9502,4.0,5.0
1047,5487,5.0,5.0
1048,355,5.0,4.0
1049,7546,4.0,5.0
1050,5868,4.0,4.0
1051,5762,5.0,4.0
1052,4567,5.0,4.0
1053,7228,5.0,4.0
1054,8789,5.0,3.0
1055,9585,3.0,4.0
1056,1662,5.0,4.0
1057,4157,5.0,5.0
1058,9068,5.0,5.0
1059,6935,3.0,3.0
1060,8920,5.0,5.0
1061,6746,4.0,1.0
1062,5643,5.0,1.0
1063,3753,5.0,4.0
1064,1571,5.0,5.0
1065,9343,2.0,4.0
1066,1908,4.0,3.0
1067,1340,5.0,5.0
1068,5003,4.0,4.0
1069,7974,3.0,1.0
1070,5542,4.0,5.0
1071,2961,5.0,5.0
1072,6379,3.0,2.0
1073,5035,3.0,5.0
1074,9781,3.0,3.0
1075,311,4.0,5.0
1076,4897,5.0,5.0
1077,221,5.0,5.0
1078,9630,5.0,5.0
1079,6704,5.0,5.0
1080,733,4.0,3.0
1081,5453,5.0,4.0
1082,8651,5.0,4.0
1083,9953,3.0,5.0
1084,2064,5.0,4.0
1085,734,5.0,5.0
1086,9300,3.0,5.0
1087,9341,4.0,3.0
1088,4276,5.0,4.0
1089,1298,3.0,5.0
1090,7305,5.0,5.0
1091,8253,5.0,5.0
1092,3218,5.0,5.0
1093,5897,4.0,4.0
1094,6439,3.0,4.0
1095,8540,4.0,4.0
1096,3167,5.0,4.0
1097,5147,5.0,5.0
1098,9813,4.0,4.0
1099,2005,5.0,5.0
1100,9744,3.0,1.0
1101,6369,5.0,5.0
1102,5058,5.0,5.0
1103,3333,5.0,5.0
1104,880,4.0,4.0
1105,9864,5.0,4.0
1106,9307,3.0,2.0
1107,8135,3.0,2.0
1108,2180,5.0,5.0
1109,4684,5.0,5.0
1110,6450,5.0,5.0
1111,7396,5.0,5.0
1112,6876,1.0,5.0
1113,8951,4.0,4.0
1114,5980,3.0,5.0
1115,2924,5.0,5.0
1116,8457,4.0,4.0
1117,6816,4.0,5.0
1118,9005,5.0,4.0
1119,5154,5.0,5.0
1120,382,5.0,5.0
1121,1861,4.0,4.0
1122,8937,5.0,5.0
1123,7246,5.0,5.0
1124,6537,5.0,2.0
1125,7364,5.0,4.0
1126,616,4.0,5.0
1127,8308,3.0,1.0
1128,8553,4.0,4.0
1129,4968,5.0,5.0
1130,6332,5.0,5.0
1131,6617,4.0,4.0
1132,8047,4.0,4.0
1133,3502,4.0,3.0
1134,4695,5.0,5.0
1135,7901,3.0,2.0
1136,4265,5.0,5.0
1137,5372,5.0,4.0
1138,7934,5.0,5.0
1139,8237,3.0,3.0
1140,1766,5.0,5.0
1141,150,4.0,3.0
1142,8363,5.0,5.0
1143,4941,5.0,5.0
1144,8856,5.0,1.0
1145,7372,5.0,5.0
1146,4126,4.0,4.0
1147,4374,5.0,5.0
1148,1112,5.0,3.0
1149,8777,1.0,1.0
1150,7259,5.0,5.0
1151,4690,5.0,4.0
1152,7334,5.0,4.0
1153,9545,4.0,3.0
1154,8125,4.0,5.0
1155,7059,5.0,2.0
1156,2532,5.0,5.0
1157,5212,5.0,5.0
1158,3168,4.0,5.0
1159,9406,5.0,5.0
1160,2936,5.0,4.0
1161,4206,5.0,4.0
1162,5802,5.0,4.0
1163,3651,5.0,4.0
1164,9782,5.0,5.0
1165,429,5.0,5.0
1166,8579,3.0,3.0
1167,5731,5.0,5.0
1168,2597,5.0,5.0
1169,8210,5.0,4.0
1170,2725,3.0,5.0
1171,2616,4.0,4.0
1172,3096,5.0,5.0
1173,7192,3.0,3.0
1174,125,5.0,4.0
1175,7516,4.0,5.0
1176,3524,5.0,5.0
1177,130,5.0,5.0
1178,4053,5.0,4.0
1179,6998,5.0,4.0
1180,2507,5.0,5.0
1181,5560,5.0,5.0
1182,8152,5.0,3.0
1183,6048,5.0,5.0
1184,5804,5.0,4.0
1185,6821,3.0,5.0
1186,695,5.0,5.0
1187,5930,5.0,3.0
1188,676,4.0,4.0
1189,4617,4.0,5.0
1190,3021,3.0,5.0
1191,8143,5.0,5.0
1192,3750,5.0,4.0
1193,5359,4.0,5.0
1194,1570,4.0,5.0
1195,5891,5.0,4.0
1196,4978,5.0,3.0
1197,117,5.0,3.0
1198,7762,5.0,5.0
1199,3847,3.0,2.0
1200,7675,4.0,5.0
1201,1115,5.0,5.0
1202,6237,5.0,5.0
1203,9275,5.0,4.0
1204,6103,5.0,4.0
1205,5274,4.0,5.0
1206,9528,5.0,5.0
1207,3942,5.0,5.0
1208,2127,5.0,5.0
1209,6192,3.0,3.0
1210,1192,5.0,5.0
1211,9353,5.0,5.0
1212,2262,5.0,5.0
1213,7801,5.0,4.0
1214,5528,5.0,5.0
1215,1283,5.0,5.0
1216,990,4.0,5.0
1217,3242,5.0,5.0
1218,1982,4.0,3.0
1219,4387,4.0,3.0
1220,6241,5.0,4.0
1221,5431,3.0,3.0
1222,7536,5.0,4.0
1223,6862,3.0,5.0
1224,3616,3.0,5.0
1225,8810,4.0,4.0
1226,6747,5.0,4.0
1227,857,5.0,5.0
1228,509,5.0,5.0
1229,5633,5.0,4.0
1230,1395,5.0,5.0
1231,3989,4.0,4.0
1232,5169,4.0,5.0
1233,5531,5.0,5.0
1234,3992,4.0,4.0
1235,7892,5.0,5.0
1236,1891,3.0,4.0
1237,9042,5.0,5.0
1238,6418,4.0,5.0
1239,1330,3.0,3.0
1240,1336,5.0,5.0
1241,6647,3.0,1.0
1242,1995,4.0,5.0
1243,6671,3.0,4.0
1244,9052,5.0,5.0
1245,5939,3.0,1.0
1246,4570,3.0,3.0
1247,5094,5.0,5.0
1248,7572,4.0,5.0
1249,1769,4.0,4.0
1250,4030,5.0,5.0
1251,2685,5.0,5.0
1252,292,4.0,4.0
1253,9694,5.0,5.0
1254,506,4.0,5.0
1255,9047,5.0,5.0
1256,1072,5.0,5.0
1257,3463,5.0,5.0
1258,8549,5.0,5.0
1259,4291,5.0,5.0
1260,7854,4.0,4.0
1261,3018,5.0,5.0
1262,7811,5.0,2.0
1263,65,3.0,4.0
1264,5397,4.0,4.0
1265,5856,5.0,5.0
1266,4934,5.0,5.0
1267,7254,5.0,4.0
1268,5451,5.0,4.0
1269,7920,4.0,3.0
1270,8914,5.0,5.0
1271,8809,5.0,5.0
1272,9021,5.0,5.0
1273,4913,5.0,5.0
1274,1940,5.0,4.0
1275,8223,5.0,5.0
1276,9379,5.0,4.0
1277,1063,4.0,5.0
1278,3406,5.0,5.0
1279,8438,5.0,5.0
1280,3119,4.0,3.0
1281,9036,2.0,1.0
1282,6009,5.0,5.0
1283,6745,2.0,1.0
1284,4256,5.0,5.0
1285,1212,4.0,5.0
1286,1097,5.0,5.0
1287,1934,5.0,5.0
1288,141,5.0,4.0
1289,8950,5.0,4.0
1290,2646,5.0,5.0
1291,926,4.0,4.0
1292,1191,4.0,3.0
1293,709,4.0,5.0
1294,6473,2.0,2.0
1295,7796,2.0,2.0
1296,6071,5.0,5.0
1297,9160,5.0,3.0
1298,2728,3.0,4.0
1299,4476,5.0,2.0
1300,5858,5.0,5.0
1301,5648,5.0,5.0
1302,6107,5.0,2.0
1303,9888,5.0,3.0
1304,4409,4.0,3.0
1305,2671,5.0,5.0
1306,8251,5.0,1.0
1307,4546,5.0,5.0
1308,1747,5.0,5.0
1309,212,5.0,5.0
1310,8495,3.0,5.0
1311,1868,5.0,1.0
1312,5066,5.0,5.0
1313,8159,5.0,5.0
1314,646,5.0,5.0
1315,147,5.0,5.0
1316,816,5.0,5.0
1317,4091,5.0,5.0
1318,4029,4.0,4.0
1319,1701,4.0,4.0
1320,4190,5.0,4.0
1321,4594,5.0,5.0
1322,1837,4.0,5.0
1323,8815,5.0,4.0
1324,3860,3.0,4.0
1325,2524,4.0,5.0
1326,3122,4.0,4.0
1327,2835,4.0,4.0
1328,585,5.0,5.0
1329,6264,5.0,4.0
1330,4107,5.0,5.0
1331,9533,5.0,5.0
1332,1085,2.0,3.0
1333,1469,5.0,5.0
1334,4778,4.0,4.0
1335,9325,5.0,5.0
1336,9890,5.0,1.0
1337,4860,5.0,4.0
1338,1153,3.0,2.0
1339,35,5.0,5.0
1340,7511,3.0,3.0
1341,5113,5.0,5.0
1342,1539,5.0,5.0
1343,5164,5.0,4.0
1344,5490,5.0,4.0
1345,9288,5.0,5.0
1346,6652,2.0,3.0
1347,9941,4.0,4.0
1348,3726,3.0,2.0
1349,6307,5.0,5.0
1350,4352,5.0,5.0
1351,9031,5.0,5.0
1352,5848,3.0,3.0
1353,1497,5.0,4.0
1354,984,5.0,3.0
1355,3060,5.0,5.0
1356,3648,5.0,5.0
1357,5366,5.0,3.0
1358,2100,5.0,5.0
1359,3731,5.0,4.0
1360,7353,5.0,5.0
1361,9952,4.0,4.0
1362,4168,4.0,3.0
1363,162,5.0,5.0
1364,7654,4.0,3.0
1365,6565,5.0,5.0
1366,1501,3.0,3.0
1367,4541,4.0,4.0
1368,6764,4.0,4.0
1369,3689,5.0,3.0
1370,8560,5.0,5.0
1371,7221,4.0,4.0
1372,7336,5.0,5.0
1373,3156,3.0,3.0
1374,1230,4.0,4.0
1375,2775,5.0,2.0
1376,3061,2.0,4.0
1377,6408,5.0,5.0
1378,4115,5.0,5.0
1379,5850,5.0,5.0
1380,2895,4.0,5.0
1381,1160,5.0,1.0
1382,4847,5.0,4.0
1383,9734,4.0,4.0
1384,7611,5.0,5.0
1385,1886,4.0,4.0
1386,9481,5.0,1.0
1387,3092,5.0,2.0
1388,318,5.0,5.0
1389,4367,5.0,5.0
1390,8098,3.0,5.0
1391,7577,5.0,5.0
1392,5264,5.0,4.0
1393,1326,5.0,4.0
1394,2115,5.0,5.0
1395,3627,5.0,5.0
1396,2170,5.0,5.0
1397,3455,4.0,4.0
1398,5753,5.0,5.0
1399,3794,5.0,3.0
1400,4688,5.0,5.0
1401,6186,1.0,5.0
1402,2633,4.0,5.0
1403,8211,5.0,5.0
1404,4545,5.0,4.0
1405,3173,5.0,4.0
1406,5965,5.0,5.0
1407,6361,5.0,5.0
1408,3069,1.0,1.0
1409,8912,3.0,1.0
1410,4653,5.0,5.0
1411,4122,1.0,1.0
1412,1811,5.0,5.0
1413,5674,4.0,3.0
1414,5641,5.0,5.0
1415,2444,1.0,2.0
1416,4666,5.0,5.0
1417,9301,5.0,5.0
1418,9833,5.0,5.0
1419,1131,5.0,5.0
1420,7201,4.0,4.0
1421,6342,4.0,3.0
1422,4366,4.0,5.0
1423,1827,3.0,4.0
1424,4224,5.0,5.0
1425,9618,5.0,4.0
1426,2494,5.0,5.0
1427,5221,3.0,3.0
1428,3492,5.0,4.0
1429,575,5.0,5.0
1430,8859,5.0,5.0
1431,1884,5.0,5.0
1432,1247,5.0,5.0
1433,2176,5.0,4.0
1434,9986,5.0,5.0
1435,8402,5.0,5.0
1436,1078,1.0,1.0
1437,7938,5.0,5.0
1438,7571,5.0,4.0
1439,845,5.0,5.0
1440,901,5.0,5.0
1441,9079,4.0,3.0
1442,2653,5.0,5.0
1443,1370,5.0,5.0
1444,3798,5.0,5.0
1445,5846,4.0,4.0
1446,7984,5.0,5.0
1447,4139,5.0,4.0
1448,8313,5.0,5.0
1449,3854,5.0,4.0
1450,9195,5.0,5.0
1451,1673,5.0,5.0
1452,8067,5.0,5.0
1453,2714,5.0,5.0
1454,7186,5.0,5.0
1455,5628,4.0,5.0
1456,3567,5.0,5.0
1457,2215,4.0,5.0
1458,8324,5.0,5.0
1459,8373,5.0,5.0
1460,2362,4.0,3.0
1461,7465,5.0,5.0
1462,2136,5.0,5.0
1463,3568,4.0,3.0
1464,6288,4.0,3.0
1465,245,5.0,5.0
1466,6273,3.0,5.0
1467,2248,5.0,5.0
1468,6427,4.0,5.0
1469,856,5.0,1.0
1470,5861,5.0,5.0
1471,6937,4.0,5.0
1472,7239,5.0,5.0
1473,3675,3.0,5.0
1474,6849,5.0,5.0
1475,2242,5.0,4.0
1476,3577,3.0,4.0
1477,5275,5.0,4.0
1478,7639,4.0,5.0
1479,3920,5.0,5.0
1480,9456,4.0,5.0
1481,1425,4.0,4.0
1482,4255,5.0,4.0
1483,3935,5.0,5.0
1484,4526,3.0,5.0
1485,8598,5.0,5.0
1486,6367,5.0,4.0
1487,2501,5.0,5.0
1488,4949,3.0,3.0
1489,2424,5.0,3.0
1490,9673,5.0,5.0
1491,1692,4.0,2.0
1492,7177,4.0,4.0
1493,3123,5.0,5.0
1494,2669,4.0,3.0
1495,5158,5.0,5.0
1496,239,5.0,5.0
1497,855,5.0,5.0
1498,653,5.0,5.0
1499,9336,5.0,3.0
1500,8861,5.0,5.0
1501,4669,3.0,3.0
1502,8818,5.0,5.0
1503,4202,4.0,4.0
1504,2796,5.0,5.0
1505,192,5.0,5.0
1506,7847,4.0,4.0
1507,8991,5.0,5.0
1508,3404,5.0,2.0
1509,2063,4.0,4.0
1510,657,5.0,5.0
1511,9429,5.0,5.0
1512,2927,5.0,5.0
1513,7701,5.0,5.0
1514,7406,3.0,5.0
1515,2567,4.0,4.0
1516,6813,1.0,2.0
1517,7363,5.0,5.0
1518,5348,5.0,4.0
1519,886,1.0,2.0
1520,152,2.0,1.0
1521,2892,3.0,4.0
1522,6454,5.0,4.0
1523,129,3.0,2.0
1524,6842,5.0,5.0
1525,6389,5.0,3.0
1526,488,4.0,4.0
1527,5139,5.0,5.0
1528,2623,4.0,5.0
1529,8545,4.0,3.0
1530,137,5.0,5.0
1531,4176,5.0,5.0
1532,4879,4.0,5.0
1533,5732,3.0,2.0
1534,5210,4.0,4.0
1535,8640,5.0,4.0
1536,4095,5.0,5.0
1537,8427,4.0,4.0
1538,3306,5.0,5.0
1539,8004,5.0,4.0
1540,1195,5.0,4.0
1541,6692,5.0,3.0
1542,8529,5.0,4.0
1543,9710,5.0,5.0
1544,4268,5.0,4.0
1545,340,5.0,4.0
1546,8331,4.0,4.0
1547,501,3.0,4.0
1548,5707,5.0,5.0
1549,8301,5.0,4.0
1550,2126,5.0,5.0
1551,402,4.0,4.0
1552,1569,4.0,5.0
1553,7021,5.0,4.0
1554,3680,4.0,4.0
1555,369,5.0,5.0
1556,77,5.0,4.0
1557,5948,5.0,5.0
1558,587,5.0,5.0
1559,3811,5.0,4.0
1560,5709,1.0,1.0
1561,1993,1.0,1.0
1562,3605,5.0,4.0
1563,3636,3.0,3.0
1564,3399,4.0,5.0
1565,760,3.0,4.0
1566,5196,3.0,4.0
1567,6029,1.0,5.0
1568,4260,2.0,5.0
1569,7198,5.0,5.0
1570,3878,5.0,4.0
1571,8603,5.0,5.0
1572,1359,4.0,1.0
1573,3849,5.0,5.0
1574,2570,4.0,5.0
1575,8704,3.0,2.0
1576,4351,4.0,4.0
1577,7955,3.0,3.0
1578,5065,5.0,2.0
1579,6832,5.0,3.0
1580,7979,5.0,5.0
1581,3997,5.0,5.0
1582,3647,5.0,4.0
1583,8354,3.0,1.0
1584,628,5.0,5.0
1585,7976,5.0,5.0
1586,5183,5.0,5.0
1587,6032,5.0,4.0
1588,4382,5.0,1.0
1589,4215,3.0,1.0
1590,8860,5.0,5.0
1591,5056,5.0,5.0
1592,2711,5.0,3.0
1593,1555,5.0,5.0
1594,5832,5.0,5.0
1595,2236,3.0,3.0
1596,6768,4.0,5.0
1597,9885,3.0,1.0
1598,8013,4.0,5.0
1599,4788,4.0,5.0
1600,2697,3.0,3.0
1601,908,4.0,5.0
1602,9529,4.0,5.0
1603,3349,4.0,5.0
1604,4077,3.0,4.0
1605,5037,5.0,3.0
1606,8913,5.0,4.0
1607,8685,5.0,5.0
1608,9455,5.0,4.0
1609,3699,4.0,4.0
1610,6796,2.0,4.0
1611,4586,4.0,4.0
1612,7612,4.0,4.0
1613,7490,5.0,5.0
1614,9156,4.0,4.0
1615,3323,4.0,2.0
1616,6875,5.0,5.0
1617,1605,5.0,5.0
1618,3380,5.0,5.0
1619,9257,4.0,2.0
1620,8738,4.0,3.0
1621,3113,5.0,5.0
1622,2525,5.0,5.0
1623,3782,5.0,5.0
1624,2515,5.0,5.0
1625,3194,4.0,2.0
1626,5790,4.0,5.0
1627,3927,5.0,4.0
1628,2701,3.0,5.0
1629,8854,4.0,4.0
1630,3390,5.0,5.0
1631,1885,5.0,5.0
1632,4028,5.0,4.0
1633,6395,5.0,5.0
1634,1502,5.0,4.0
1635,5522,1.0,1.0
1636,3112,4.0,4.0
1637,4752,5.0,5.0
1638,8744,5.0,4.0
1639,6771,3.0,4.0
1640,1321,5.0,5.0
1641,3926,5.0,5.0
1642,9428,3.0,2.0
1643,5323,5.0,5.0
1644,3287,3.0,3.0
1645,8978,5.0,4.0
1646,1781,4.0,4.0
1647,9570,4.0,3.0
1648,2211,4.0,5.0
1649,6518,5.0,4.0
1650,3148,3.0,4.0
1651,1023,5.0,5.0
1652,6912,5.0,5.0
1653,2161,5.0,4.0
1654,1379,4.0,3.0
1655,3976,4.0,5.0
1656,5799,5.0,4.0
1657,8431,4.0,5.0
1658,6265,4.0,3.0
1659,6011,5.0,5.0
1660,2781,5.0,5.0
1661,360,3.0,2.0
1662,4332,5.0,5.0
1663,3630,4.0,2.0
1664,7441,3.0,5.0
1665,2901,5.0,5.0
1666,1603,5.0,4.0
1667,5611,5.0,5.0
1668,6496,5.0,5.0
1669,2814,4.0,4.0
1670,3209,4.0,5.0
1671,3319,5.0,5.0
1672,9689,3.0,5.0
1673,4073,5.0,5.0
1674,1317,5.0,5.0
1675,5313,5.0,5.0
1676,969,2.0,2.0
1677,8295,5.0,5.0
1678,595,5.0,5.0
1679,787,5.0,4.0
1680,3600,5.0,5.0
1681,3546,4.0,4.0
1682,9811,5.0,4.0
1683,9881,1.0,1.0
1684,7505,1.0,2.0
1685,5475,4.0,5.0
1686,4670,4.0,4.0
1687,1205,4.0,5.0
1688,6903,5.0,5.0
1689,9699,5.0,5.0
1690,7545,3.0,4.0
1691,5563,5.0,5.0
1692,3493,5.0,5.0
1693,1507,5.0,3.0
1694,5394,5.0,5.0
1695,6460,5.0,5.0
1696,1814,3.0,4.0
1697,7033,5.0,5.0
1698,8285,5.0,5.0
1699,3897,5.0,5.0
1700,4846,4.0,4.0
1701,950,1.0,5.0
1702,3692,5.0,5.0
1703,9583,5.0,5.0
1704,5774,5.0,5.0
1705,3456,5.0,5.0
1706,7523,5.0,5.0
1707,2139,4.0,5.0
1708,8825,5.0,5.0
1709,6580,4.0,5.0
1710,3971,5.0,5.0
1711,3447,5.0,5.0
1712,3411,5.0,5.0
1713,5026,5.0,3.0
1714,8621,5.0,5.0
1715,4151,5.0,5.0
1716,9377,4.0,4.0
1717,1077,5.0,4.0
1718,4819,1.0,1.0
1719,2279,5.0,5.0
1720,3751,4.0,5.0
1721,8644,5.0,5.0
1722,2041,5.0,5.0
1723,8665,4.0,3.0
1724,3047,5.0,5.0
1725,2286,5.0,5.0
1726,1969,5.0,5.0
1727,2148,5.0,5.0
1728,5571,5.0,5.0
1729,3711,5.0,5.0
1730,5830,4.0,5.0
1731,4746,5.0,5.0
1732,7981,5.0,2.0
1733,8274,4.0,1.0
1734,2184,5.0,5.0
1735,6687,3.0,3.0
1736,111,5.0,5.0
1737,7605,4.0,4.0
1738,8900,5.0,4.0
1739,5997,3.0,3.0
1740,66,4.0,3.0
1741,102,5.0,5.0
1742,9524,5.0,5.0
1743,8828,4.0,5.0
1744,6975,5.0,3.0
1745,7488,5.0,4.0
1746,4969,5.0,5.0
1747,5387,4.0,5.0
1748,3470,4.0,4.0
1749,520,4.0,5.0
1750,9906,5.0,5.0
1751,69,2.0,5.0
1752,944,5.0,5.0
1753,406,5.0,5.0
1754,1411,5.0,5.0
1755,463,4.0,4.0
1756,2249,5.0,5.0
1757,7105,5.0,4.0
1758,7421,5.0,5.0
1759,7470,3.0,5.0
1760,5603,5.0,4.0
1761,1473,5.0,4.0
1762,2105,4.0,4.0
1763,2844,5.0,4.0
1764,9872,5.0,5.0
1765,9970,3.0,5.0
1766,690,5.0,5.0
1767,5290,5.0,5.0
1768,9723,5.0,4.0
1769,9784,3.0,3.0
1770,231,3.0,5.0
1771,2428,4.0,4.0
1772,7156,4.0,5.0
1773,5189,2.0,4.0
1774,5606,4.0,2.0
1775,9447,4.0,5.0
1776,6905,5.0,5.0
1777,4359,5.0,5.0
1778,5168,5.0,4.0
1779,7448,3.0,2.0
1780,4952,5.0,5.0
1781,6943,4.0,5.0
1782,2578,4.0,5.0
1783,7245,5.0,5.0
1784,9975,5.0,5.0
1785,7453,3.0,2.0
1786,5270,5.0,5.0
1787,5859,4.0,3.0
1788,4034,4.0,3.0
1789,8387,2.0,5.0
1790,3984,4.0,3.0
1791,5249,4.0,5.0
1792,2612,5.0,5.0
1793,2848,5.0,5.0
1794,919,5.0,4.0
1795,7047,5.0,5.0
1796,193,5.0,5.0
1797,8131,5.0,5.0
1798,1883,3.0,3.0
1799,6917,5.0,5.0
1800,4525,5.0,5.0
1801,5976,5.0,5.0
1802,8657,4.0,4.0
1803,6570,5.0,5.0
1804,3855,5.0,5.0
1805,3827,4.0,3.0
1806,6684,5.0,4.0
1807,5807,3.0,5.0
1808,3115,4.0,5.0
1809,3912,5.0,4.0
1810,4980,5.0,5.0
1811,3818,5.0,5.0
1812,9997,5.0,5.0
1813,582,4.0,4.0
1814,1089,3.0,4.0
1815,9158,5.0,4.0
1816,6775,5.0,4.0
1817,9229,5.0,5.0
1818,1201,5.0,5.0
1819,9709,4.0,5.0
1820,6550,4.0,4.0
1821,9761,5.0,5.0
1822,8716,5.0,4.0
1823,605,5.0,4.0
1824,7722,5.0,5.0
1825,9642,5.0,5.0
1826,5184,5.0,5.0
1827,1924,5.0,5.0
1828,2876,4.0,5.0
1829,7225,5.0,5.0
1830,4411,4.0,4.0
1831,7562,2.0,4.0
1832,6767,5.0,5.0
1833,3591,5.0,5.0
1834,9622,5.0,5.0
1835,3800,5.0,3.0
1836,8216,5.0,5.0
1837,8785,5.0,4.0
1838,6152,5.0,5.0
1839,261,5.0,4.0
1840,2978,4.0,5.0
1841,3805,4.0,4.0
1842,1472,5.0,5.0
1843,782,5.0,4.0
1844,1839,5.0,5.0
1845,2069,5.0,5.0
1846,1666,4.0,4.0
1847,6733,5.0,5.0
1848,6115,3.0,1.0
1849,854,5.0,5.0
1850,5499,5.0,5.0
1851,9262,5.0,5.0
1852,2807,5.0,4.0
1853,3357,5.0,5.0
1854,2155,3.0,3.0
1855,6240,5.0,4.0
1856,884,5.0,5.0
1857,4057,5.0,5.0
1858,9628,5.0,5.0
1859,7449,5.0,4.0
1860,7972,5.0,5.0
1861,6659,4.0,4.0
1862,2121,5.0,4.0
1863,3056,5.0,5.0
1864,8849,5.0,5.0
1865,2439,5.0,5.0
1866,1596,5.0,5.0
1867,6622,5.0,4.0
1868,5748,5.0,5.0
1869,2389,5.0,5.0
1870,4937,5.0,5.0
1871,8045,5.0,5.0
1872,324,4.0,5.0
1873,8077,5.0,4.0
1874,5589,5.0,4.0
1875,2952,5.0,5.0
1876,342,5.0,5.0
1877,2723,5.0,5.0
1878,5076,5.0,5.0
1879,3309,5.0,5.0
1880,4501,5.0,5.0
1881,4894,3.0,1.0
1882,232,5.0,5.0
1883,9376,5.0,5.0
1884,633,4.0,5.0
1885,7018,5.0,5.0
1886,8872,5.0,5.0
1887,3207,5.0,5.0
1888,3641,1.0,5.0
1889,7146,4.0,5.0
1890,6970,5.0,5.0
1891,2670,4.0,5.0
1892,615,5.0,5.0
1893,570,5.0,5.0
1894,5185,5.0,4.0
1895,5022,5.0,4.0
1896,1695,3.0,5.0
1897,2950,5.0,5.0
1898,939,4.0,5.0
1899,87,5.0,5.0
1900,2906,5.0,3.0
1901,2187,1.0,1.0
1902,6742,5.0,5.0
1903,1739,5.0,5.0
1904,9877,5.0,5.0
1905,7408,5.0,5.0
1906,6828,5.0,5.0
1907,3259,5.0,5.0
1908,8981,5.0,4.0
1909,9457,5.0,4.0
1910,6059,1.0,4.0
1911,728,4.0,5.0
1912,2406,5.0,5.0
1913,2125,5.0,4.0
1914,8319,5.0,5.0
1915,6442,4.0,4.0
1916,5141,4.0,4.0
1917,7112,4.0,5.0
1918,9636,5.0,5.0
1919,9922,5.0,5.0
1920,2588,5.0,4.0
1921,4916,4.0,4.0
1922,1070,5.0,5.0
1923,7642,5.0,5.0
1924,6315,5.0,5.0
1925,2228,1.0,3.0
1926,3963,4.0,2.0
1927,4993,5.0,5.0
1928,1956,5.0,5.0
1929,4720,4.0,5.0
1930,9403,5.0,5.0
1931,9757,5.0,4.0
1932,2819,5.0,5.0
1933,1223,5.0,5.0
1934,8250,2.0,3.0
1935,7699,5.0,5.0
1936,3273,4.0,3.0
1937,3716,5.0,4.0
1938,6072,5.0,5.0
1939,9706,5.0,5.0
1940,4116,5.0,4.0
1941,3518,5.0,4.0
1942,7768,5.0,4.0
1943,1822,4.0,3.0
1944,8764,5.0,5.0
1945,8165,5.0,3.0
1946,8727,4.0,4.0
1947,2210,5.0,5.0
1948,5380,5.0,5.0
1949,4192,5.0,5.0
1950,7434,4.0,3.0
1951,2850,5.0,5.0
1952,9408,5.0,5.0
1953,7885,3.0,3.0
1954,6090,4.0,5.0
1955,203,4.0,4.0
1956,7753,5.0,2.0
1957,2874,5.0,4.0
1958,3570,5.0,3.0
1959,7209,5.0,5.0
1960,9988,4.0,3.0
1961,1209,5.0,5.0
1962,3097,5.0,5.0
1963,8051,5.0,5.0
1964,4125,4.0,4.0
1965,945,5.0,5.0
1966,9006,4.0,5.0
1967,6449,3.0,5.0
1968,4310,3.0,3.0
1969,4927,5.0,5.0
1970,8255,3.0,2.0
1971,7291,4.0,5.0
1972,8090,5.0,5.0
1973,631,4.0,4.0
1974,1918,3.0,4.0
1975,6519,4.0,5.0
1976,1126,4.0,4.0
1977,8102,3.0,3.0
1978,8880,5.0,5.0
1979,2020,4.0,4.0
1980,5017,5.0,5.0
1981,6818,5.0,5.0
1982,5523,5.0,4.0
1983,7897,4.0,2.0
1984,5143,1.0,1.0
1985,5013,5.0,5.0
1986,8864,4.0,4.0
1987,8357,5.0,5.0
1988,7836,5.0,5.0
1989,8333,5.0,1.0
1990,5027,4.0,4.0
1991,9427,4.0,5.0
1992,6230,5.0,5.0
1993,9049,5.0,5.0
1994,2881,5.0,4.0
1995,1344,5.0,5.0
1996,772,4.0,5.0
1997,8188,1.0,1.0
1998,6750,1.0,5.0
1999,1687,4.0,4.0
